﻿{
    "info": {
        "author": "httpx-upgrade",
        "author_email": "",
        "bugtrack_url": null,
        "classifiers": [],
        "description": "",
        "description_content_type": "",
        "docs_url": null,
        "download_url": "",
        "downloads": {
            "last_day": -1,
            "last_month": -1,
            "last_week": -1
        },
        "home_page": "",
        "keywords": "",
        "license": "",
        "maintainer": "",
        "maintainer_email": "",
        "name": "httpx-upgrade",
        "package_url": "https://pypi.org/project/httpx-upgrade/",
        "platform": null,
        "project_url": "https://pypi.org/project/httpx-upgrade/",
        "project_urls": null,
        "release_url": "https://pypi.org/project/httpx-upgrade/0.0.1/",
        "requires_dist": null,
        "requires_python": "",
        "summary": "httpx-upgrade",
        "version": "0.0.1",
        "yanked": false,
        "yanked_reason": null
    },
    "last_serial": 21722761,
    "releases": {
        "0.0.1": [
            {
                "comment_text": "",
                "digests": {
                    "blake2b_256": "8fb6e97f193ffd0d0b805da862fe9d89c06c0be12912b102d74cc8c725e32b71",
                    "md5": "ed124c48720f14ab54e5e721caa531bb",
                    "sha256": "5eacbef561fb8906e7539b9b424058f6f8d1f2c9d77d8a1adcc12d11c1e41a5d"
                },
                "downloads": -1,
                "filename": "httpx-upgrade-0.0.1.tar.gz",
                "has_sig": false,
                "md5_digest": "ed124c48720f14ab54e5e721caa531bb",
                "packagetype": "sdist",
                "python_version": "source",
                "requires_python": null,
                "size": 92545,
                "upload_time": "2024-02-03T16:56:14",
                "upload_time_iso_8601": "2024-02-03T16:56:14.660435Z",
                "url": "https://files.pythonhosted.org/packages/8f/b6/e97f193ffd0d0b805da862fe9d89c06c0be12912b102d74cc8c725e32b71/httpx-upgrade-0.0.1.tar.gz",
                "yanked": false,
                "yanked_reason": null
            }
        ]
    },
    "urls": [
        {
            "comment_text": "",
            "digests": {
                "blake2b_256": "8fb6e97f193ffd0d0b805da862fe9d89c06c0be12912b102d74cc8c725e32b71",
                "md5": "ed124c48720f14ab54e5e721caa531bb",
                "sha256": "5eacbef561fb8906e7539b9b424058f6f8d1f2c9d77d8a1adcc12d11c1e41a5d"
            },
            "downloads": -1,
            "filename": "httpx-upgrade-0.0.1.tar.gz",
            "has_sig": false,
            "md5_digest": "ed124c48720f14ab54e5e721caa531bb",
            "packagetype": "sdist",
            "python_version": "source",
            "requires_python": null,
            "size": 92545,
            "upload_time": "2024-02-03T16:56:14",
            "upload_time_iso_8601": "2024-02-03T16:56:14.660435Z",
            "url": "https://files.pythonhosted.org/packages/8f/b6/e97f193ffd0d0b805da862fe9d89c06c0be12912b102d74cc8c725e32b71/httpx-upgrade-0.0.1.tar.gz",
            "yanked": false,
            "yanked_reason": null
        }
    ],
    "vulnerabilities": []
}