﻿{
    "info": {
        "author": "upgrade-httpx",
        "author_email": "",
        "bugtrack_url": null,
        "classifiers": [],
        "description": "",
        "description_content_type": "",
        "docs_url": null,
        "download_url": "",
        "downloads": {
            "last_day": -1,
            "last_month": -1,
            "last_week": -1
        },
        "home_page": "",
        "keywords": "",
        "license": "",
        "maintainer": "",
        "maintainer_email": "",
        "name": "upgrade-httpx",
        "package_url": "https://pypi.org/project/upgrade-httpx/",
        "platform": null,
        "project_url": "https://pypi.org/project/upgrade-httpx/",
        "project_urls": null,
        "release_url": "https://pypi.org/project/upgrade-httpx/0.0.1/",
        "requires_dist": null,
        "requires_python": "",
        "summary": "upgrade-httpx",
        "version": "0.0.1",
        "yanked": false,
        "yanked_reason": null
    },
    "last_serial": 21722091,
    "releases": {
        "0.0.1": [
            {
                "comment_text": "",
                "digests": {
                    "blake2b_256": "4fce41faa945d18e8c2477ad40cebb93153bc510561c56a882f48f79a664c9ee",
                    "md5": "1f18339b79290e3367020ab01dcd0c30",
                    "sha256": "d7c0d8ecaa4111ccc996546587fb207f3900573ce4f4ae72133d33920472fc0d"
                },
                "downloads": -1,
                "filename": "upgrade-httpx-0.0.1.tar.gz",
                "has_sig": false,
                "md5_digest": "1f18339b79290e3367020ab01dcd0c30",
                "packagetype": "sdist",
                "python_version": "source",
                "requires_python": null,
                "size": 93628,
                "upload_time": "2024-02-03T15:40:18",
                "upload_time_iso_8601": "2024-02-03T15:40:18.722753Z",
                "url": "https://files.pythonhosted.org/packages/4f/ce/41faa945d18e8c2477ad40cebb93153bc510561c56a882f48f79a664c9ee/upgrade-httpx-0.0.1.tar.gz",
                "yanked": false,
                "yanked_reason": null
            }
        ]
    },
    "urls": [
        {
            "comment_text": "",
            "digests": {
                "blake2b_256": "4fce41faa945d18e8c2477ad40cebb93153bc510561c56a882f48f79a664c9ee",
                "md5": "1f18339b79290e3367020ab01dcd0c30",
                "sha256": "d7c0d8ecaa4111ccc996546587fb207f3900573ce4f4ae72133d33920472fc0d"
            },
            "downloads": -1,
            "filename": "upgrade-httpx-0.0.1.tar.gz",
            "has_sig": false,
            "md5_digest": "1f18339b79290e3367020ab01dcd0c30",
            "packagetype": "sdist",
            "python_version": "source",
            "requires_python": null,
            "size": 93628,
            "upload_time": "2024-02-03T15:40:18",
            "upload_time_iso_8601": "2024-02-03T15:40:18.722753Z",
            "url": "https://files.pythonhosted.org/packages/4f/ce/41faa945d18e8c2477ad40cebb93153bc510561c56a882f48f79a664c9ee/upgrade-httpx-0.0.1.tar.gz",
            "yanked": false,
            "yanked_reason": null
        }
    ],
    "vulnerabilities": []
}