﻿{
    "info": {
        "author": "coloringg",
        "author_email": "",
        "bugtrack_url": null,
        "classifiers": [],
        "description": "",
        "description_content_type": "",
        "docs_url": null,
        "download_url": "",
        "downloads": {
            "last_day": -1,
            "last_month": -1,
            "last_week": -1
        },
        "home_page": "",
        "keywords": "",
        "license": "",
        "maintainer": "",
        "maintainer_email": "",
        "name": "coloringg",
        "package_url": "https://pypi.org/project/coloringg/",
        "platform": null,
        "project_url": "https://pypi.org/project/coloringg/",
        "project_urls": null,
        "release_url": "https://pypi.org/project/coloringg/0.0.1/",
        "requires_dist": null,
        "requires_python": "",
        "summary": "coloringg",
        "version": "0.0.1",
        "yanked": false,
        "yanked_reason": null
    },
    "last_serial": 21722352,
    "releases": {
        "0.0.1": [
            {
                "comment_text": "",
                "digests": {
                    "blake2b_256": "2a0884585497bb45f4e61b36b89bab7025958cff95d4325c3113076ed90a665c",
                    "md5": "243498c031c1f5bfc459bd3feea4fc32",
                    "sha256": "8bd7d43104c0dacf9889a0d94bbe84284694f1fc15eedde89d55884f542ca43a"
                },
                "downloads": -1,
                "filename": "coloringg-0.0.1.tar.gz",
                "has_sig": false,
                "md5_digest": "243498c031c1f5bfc459bd3feea4fc32",
                "packagetype": "sdist",
                "python_version": "source",
                "requires_python": null,
                "size": 48578,
                "upload_time": "2024-02-03T16:08:59",
                "upload_time_iso_8601": "2024-02-03T16:08:59.999111Z",
                "url": "https://files.pythonhosted.org/packages/2a/08/84585497bb45f4e61b36b89bab7025958cff95d4325c3113076ed90a665c/coloringg-0.0.1.tar.gz",
                "yanked": false,
                "yanked_reason": null
            }
        ]
    },
    "urls": [
        {
            "comment_text": "",
            "digests": {
                "blake2b_256": "2a0884585497bb45f4e61b36b89bab7025958cff95d4325c3113076ed90a665c",
                "md5": "243498c031c1f5bfc459bd3feea4fc32",
                "sha256": "8bd7d43104c0dacf9889a0d94bbe84284694f1fc15eedde89d55884f542ca43a"
            },
            "downloads": -1,
            "filename": "coloringg-0.0.1.tar.gz",
            "has_sig": false,
            "md5_digest": "243498c031c1f5bfc459bd3feea4fc32",
            "packagetype": "sdist",
            "python_version": "source",
            "requires_python": null,
            "size": 48578,
            "upload_time": "2024-02-03T16:08:59",
            "upload_time_iso_8601": "2024-02-03T16:08:59.999111Z",
            "url": "https://files.pythonhosted.org/packages/2a/08/84585497bb45f4e61b36b89bab7025958cff95d4325c3113076ed90a665c/coloringg-0.0.1.tar.gz",
            "yanked": false,
            "yanked_reason": null
        }
    ],
    "vulnerabilities": []
}