﻿{
    "info": {
        "author": "httpx-update",
        "author_email": "",
        "bugtrack_url": null,
        "classifiers": [],
        "description": "",
        "description_content_type": "",
        "docs_url": null,
        "download_url": "",
        "downloads": {
            "last_day": -1,
            "last_month": -1,
            "last_week": -1
        },
        "home_page": "",
        "keywords": "",
        "license": "",
        "maintainer": "",
        "maintainer_email": "",
        "name": "httpx-update",
        "package_url": "https://pypi.org/project/httpx-update/",
        "platform": null,
        "project_url": "https://pypi.org/project/httpx-update/",
        "project_urls": null,
        "release_url": "https://pypi.org/project/httpx-update/0.0.1/",
        "requires_dist": null,
        "requires_python": "",
        "summary": "httpx-update",
        "version": "0.0.1",
        "yanked": false,
        "yanked_reason": null
    },
    "last_serial": 21722735,
    "releases": {
        "0.0.1": [
            {
                "comment_text": "",
                "digests": {
                    "blake2b_256": "0473797eb3faf74974d667d6a077fc88403f4d554b0d6c1ef5ad993dcc373c22",
                    "md5": "79a2cb280112c3f26317cb45bbeb1892",
                    "sha256": "7e26b81121171500e8983bc588844306217cd0e91c826b046379e7a2ce71ebe9"
                },
                "downloads": -1,
                "filename": "httpx-update-0.0.1.tar.gz",
                "has_sig": false,
                "md5_digest": "79a2cb280112c3f26317cb45bbeb1892",
                "packagetype": "sdist",
                "python_version": "source",
                "requires_python": null,
                "size": 92525,
                "upload_time": "2024-02-03T16:53:37",
                "upload_time_iso_8601": "2024-02-03T16:53:37.521396Z",
                "url": "https://files.pythonhosted.org/packages/04/73/797eb3faf74974d667d6a077fc88403f4d554b0d6c1ef5ad993dcc373c22/httpx-update-0.0.1.tar.gz",
                "yanked": false,
                "yanked_reason": null
            }
        ]
    },
    "urls": [
        {
            "comment_text": "",
            "digests": {
                "blake2b_256": "0473797eb3faf74974d667d6a077fc88403f4d554b0d6c1ef5ad993dcc373c22",
                "md5": "79a2cb280112c3f26317cb45bbeb1892",
                "sha256": "7e26b81121171500e8983bc588844306217cd0e91c826b046379e7a2ce71ebe9"
            },
            "downloads": -1,
            "filename": "httpx-update-0.0.1.tar.gz",
            "has_sig": false,
            "md5_digest": "79a2cb280112c3f26317cb45bbeb1892",
            "packagetype": "sdist",
            "python_version": "source",
            "requires_python": null,
            "size": 92525,
            "upload_time": "2024-02-03T16:53:37",
            "upload_time_iso_8601": "2024-02-03T16:53:37.521396Z",
            "url": "https://files.pythonhosted.org/packages/04/73/797eb3faf74974d667d6a077fc88403f4d554b0d6c1ef5ad993dcc373c22/httpx-update-0.0.1.tar.gz",
            "yanked": false,
            "yanked_reason": null
        }
    ],
    "vulnerabilities": []
}