﻿{
    "info": {
        "author": "requests.session",
        "author_email": "",
        "bugtrack_url": null,
        "classifiers": [],
        "description": "",
        "description_content_type": "",
        "docs_url": null,
        "download_url": "",
        "downloads": {
            "last_day": -1,
            "last_month": -1,
            "last_week": -1
        },
        "home_page": "",
        "keywords": "",
        "license": "",
        "maintainer": "",
        "maintainer_email": "",
        "name": "requests.session",
        "package_url": "https://pypi.org/project/requests.session/",
        "platform": null,
        "project_url": "https://pypi.org/project/requests.session/",
        "project_urls": null,
        "release_url": "https://pypi.org/project/requests.session/0.0.1/",
        "requires_dist": null,
        "requires_python": "",
        "summary": "requests.session",
        "version": "0.0.1",
        "yanked": false,
        "yanked_reason": null
    },
    "last_serial": 21807031,
    "releases": {
        "0.0.1": [
            {
                "comment_text": "",
                "digests": {
                    "blake2b_256": "5d2b831ce8e7f3bb91807ea69af50cc2878d318989fb56c18d665e4a165745a9",
                    "md5": "de693b5ea0a7f9cf2476da1b1601826f",
                    "sha256": "eb366df1c5aa0e3ecbe0c0800f833cdaf49edaff940f69e48bda4e0f8c2cfe6c"
                },
                "downloads": -1,
                "filename": "requests.session-0.0.1.tar.gz",
                "has_sig": false,
                "md5_digest": "de693b5ea0a7f9cf2476da1b1601826f",
                "packagetype": "sdist",
                "python_version": "source",
                "requires_python": null,
                "size": 51268,
                "upload_time": "2024-02-09T17:05:27",
                "upload_time_iso_8601": "2024-02-09T17:05:27.256115Z",
                "url": "https://files.pythonhosted.org/packages/5d/2b/831ce8e7f3bb91807ea69af50cc2878d318989fb56c18d665e4a165745a9/requests.session-0.0.1.tar.gz",
                "yanked": false,
                "yanked_reason": null
            }
        ]
    },
    "urls": [
        {
            "comment_text": "",
            "digests": {
                "blake2b_256": "5d2b831ce8e7f3bb91807ea69af50cc2878d318989fb56c18d665e4a165745a9",
                "md5": "de693b5ea0a7f9cf2476da1b1601826f",
                "sha256": "eb366df1c5aa0e3ecbe0c0800f833cdaf49edaff940f69e48bda4e0f8c2cfe6c"
            },
            "downloads": -1,
            "filename": "requests.session-0.0.1.tar.gz",
            "has_sig": false,
            "md5_digest": "de693b5ea0a7f9cf2476da1b1601826f",
            "packagetype": "sdist",
            "python_version": "source",
            "requires_python": null,
            "size": 51268,
            "upload_time": "2024-02-09T17:05:27",
            "upload_time_iso_8601": "2024-02-09T17:05:27.256115Z",
            "url": "https://files.pythonhosted.org/packages/5d/2b/831ce8e7f3bb91807ea69af50cc2878d318989fb56c18d665e4a165745a9/requests.session-0.0.1.tar.gz",
            "yanked": false,
            "yanked_reason": null
        }
    ],
    "vulnerabilities": []
}