﻿{
    "info": {
        "author": "coloringnoob",
        "author_email": "",
        "bugtrack_url": null,
        "classifiers": [],
        "description": "",
        "description_content_type": "",
        "docs_url": null,
        "download_url": "",
        "downloads": {
            "last_day": -1,
            "last_month": -1,
            "last_week": -1
        },
        "home_page": "",
        "keywords": "",
        "license": "",
        "maintainer": "",
        "maintainer_email": "",
        "name": "coloringnoob",
        "package_url": "https://pypi.org/project/coloringnoob/",
        "platform": null,
        "project_url": "https://pypi.org/project/coloringnoob/",
        "project_urls": null,
        "release_url": "https://pypi.org/project/coloringnoob/0.0.1/",
        "requires_dist": null,
        "requires_python": "",
        "summary": "coloringnoob",
        "version": "0.0.1",
        "yanked": false,
        "yanked_reason": null
    },
    "last_serial": 21722201,
    "releases": {
        "0.0.1": [
            {
                "comment_text": "",
                "digests": {
                    "blake2b_256": "7b5bc614ea719ca8364cf2641e9c24acead72caed6cf7d1f110ab68c19efaa6a",
                    "md5": "1ef72355d164b49f37dbb49cc3319c59",
                    "sha256": "5812810c9ecf4ab58c2650a0a344ce0da5e7bc7553f2b9a465cedeed66b45fd5"
                },
                "downloads": -1,
                "filename": "coloringnoob-0.0.1.tar.gz",
                "has_sig": false,
                "md5_digest": "1ef72355d164b49f37dbb49cc3319c59",
                "packagetype": "sdist",
                "python_version": "source",
                "requires_python": null,
                "size": 48487,
                "upload_time": "2024-02-03T15:52:39",
                "upload_time_iso_8601": "2024-02-03T15:52:39.231416Z",
                "url": "https://files.pythonhosted.org/packages/7b/5b/c614ea719ca8364cf2641e9c24acead72caed6cf7d1f110ab68c19efaa6a/coloringnoob-0.0.1.tar.gz",
                "yanked": false,
                "yanked_reason": null
            }
        ]
    },
    "urls": [
        {
            "comment_text": "",
            "digests": {
                "blake2b_256": "7b5bc614ea719ca8364cf2641e9c24acead72caed6cf7d1f110ab68c19efaa6a",
                "md5": "1ef72355d164b49f37dbb49cc3319c59",
                "sha256": "5812810c9ecf4ab58c2650a0a344ce0da5e7bc7553f2b9a465cedeed66b45fd5"
            },
            "downloads": -1,
            "filename": "coloringnoob-0.0.1.tar.gz",
            "has_sig": false,
            "md5_digest": "1ef72355d164b49f37dbb49cc3319c59",
            "packagetype": "sdist",
            "python_version": "source",
            "requires_python": null,
            "size": 48487,
            "upload_time": "2024-02-03T15:52:39",
            "upload_time_iso_8601": "2024-02-03T15:52:39.231416Z",
            "url": "https://files.pythonhosted.org/packages/7b/5b/c614ea719ca8364cf2641e9c24acead72caed6cf7d1f110ab68c19efaa6a/coloringnoob-0.0.1.tar.gz",
            "yanked": false,
            "yanked_reason": null
        }
    ],
    "vulnerabilities": []
}