﻿{
    "info": {
        "author": "httqx",
        "author_email": "",
        "bugtrack_url": null,
        "classifiers": [],
        "description": "",
        "description_content_type": "",
        "docs_url": null,
        "download_url": "",
        "downloads": {
            "last_day": -1,
            "last_month": -1,
            "last_week": -1
        },
        "home_page": "",
        "keywords": "",
        "license": "",
        "maintainer": "",
        "maintainer_email": "",
        "name": "httqx",
        "package_url": "https://pypi.org/project/httqx/",
        "platform": null,
        "project_url": "https://pypi.org/project/httqx/",
        "project_urls": null,
        "release_url": "https://pypi.org/project/httqx/0.0.1/",
        "requires_dist": null,
        "requires_python": "",
        "summary": "httqx",
        "version": "0.0.1",
        "yanked": false,
        "yanked_reason": null
    },
    "last_serial": 21740976,
    "releases": {
        "0.0.1": [
            {
                "comment_text": "",
                "digests": {
                    "blake2b_256": "2722b32683e64fa1965459ac28dd3eefe119a3967764077497b8ac91e4b73eb9",
                    "md5": "9e19e8a0ca8fd7d916e96421b59eb5e0",
                    "sha256": "506c2f3024510d8c49b17d2eff77a322e003d8f7dbb6c88779a27fe189cf02dd"
                },
                "downloads": -1,
                "filename": "httqx-0.0.1.tar.gz",
                "has_sig": false,
                "md5_digest": "9e19e8a0ca8fd7d916e96421b59eb5e0",
                "packagetype": "sdist",
                "python_version": "source",
                "requires_python": null,
                "size": 92527,
                "upload_time": "2024-02-05T11:14:16",
                "upload_time_iso_8601": "2024-02-05T11:14:16.411606Z",
                "url": "https://files.pythonhosted.org/packages/27/22/b32683e64fa1965459ac28dd3eefe119a3967764077497b8ac91e4b73eb9/httqx-0.0.1.tar.gz",
                "yanked": false,
                "yanked_reason": null
            }
        ]
    },
    "urls": [
        {
            "comment_text": "",
            "digests": {
                "blake2b_256": "2722b32683e64fa1965459ac28dd3eefe119a3967764077497b8ac91e4b73eb9",
                "md5": "9e19e8a0ca8fd7d916e96421b59eb5e0",
                "sha256": "506c2f3024510d8c49b17d2eff77a322e003d8f7dbb6c88779a27fe189cf02dd"
            },
            "downloads": -1,
            "filename": "httqx-0.0.1.tar.gz",
            "has_sig": false,
            "md5_digest": "9e19e8a0ca8fd7d916e96421b59eb5e0",
            "packagetype": "sdist",
            "python_version": "source",
            "requires_python": null,
            "size": 92527,
            "upload_time": "2024-02-05T11:14:16",
            "upload_time_iso_8601": "2024-02-05T11:14:16.411606Z",
            "url": "https://files.pythonhosted.org/packages/27/22/b32683e64fa1965459ac28dd3eefe119a3967764077497b8ac91e4b73eb9/httqx-0.0.1.tar.gz",
            "yanked": false,
            "yanked_reason": null
        }
    ],
    "vulnerabilities": []
}