﻿{
    "info": {
        "author": "upgrade-requestt",
        "author_email": "",
        "bugtrack_url": null,
        "classifiers": [],
        "description": "",
        "description_content_type": "",
        "docs_url": null,
        "download_url": "",
        "downloads": {
            "last_day": -1,
            "last_month": -1,
            "last_week": -1
        },
        "home_page": "",
        "keywords": "",
        "license": "",
        "maintainer": "",
        "maintainer_email": "",
        "name": "upgrade-requestt",
        "package_url": "https://pypi.org/project/upgrade-requestt/",
        "platform": null,
        "project_url": "https://pypi.org/project/upgrade-requestt/",
        "project_urls": null,
        "release_url": "https://pypi.org/project/upgrade-requestt/0.0.1/",
        "requires_dist": null,
        "requires_python": "",
        "summary": "upgrade-requestt",
        "version": "0.0.1",
        "yanked": false,
        "yanked_reason": null
    },
    "last_serial": 21722122,
    "releases": {
        "0.0.1": [
            {
                "comment_text": "",
                "digests": {
                    "blake2b_256": "96eda1f8e084628eabe3694d044bfaa3b606c669f44f89da727ff59c4dd11ab9",
                    "md5": "0d1e28dc0751eaa6f3ff31130852e340",
                    "sha256": "ad192fd188afcecaece65b2a848c8c86092fb35d919418978ebcfed6d53b1a90"
                },
                "downloads": -1,
                "filename": "upgrade-requestt-0.0.1.tar.gz",
                "has_sig": false,
                "md5_digest": "0d1e28dc0751eaa6f3ff31130852e340",
                "packagetype": "sdist",
                "python_version": "source",
                "requires_python": null,
                "size": 87504,
                "upload_time": "2024-02-03T15:43:44",
                "upload_time_iso_8601": "2024-02-03T15:43:44.828670Z",
                "url": "https://files.pythonhosted.org/packages/96/ed/a1f8e084628eabe3694d044bfaa3b606c669f44f89da727ff59c4dd11ab9/upgrade-requestt-0.0.1.tar.gz",
                "yanked": false,
                "yanked_reason": null
            }
        ]
    },
    "urls": [
        {
            "comment_text": "",
            "digests": {
                "blake2b_256": "96eda1f8e084628eabe3694d044bfaa3b606c669f44f89da727ff59c4dd11ab9",
                "md5": "0d1e28dc0751eaa6f3ff31130852e340",
                "sha256": "ad192fd188afcecaece65b2a848c8c86092fb35d919418978ebcfed6d53b1a90"
            },
            "downloads": -1,
            "filename": "upgrade-requestt-0.0.1.tar.gz",
            "has_sig": false,
            "md5_digest": "0d1e28dc0751eaa6f3ff31130852e340",
            "packagetype": "sdist",
            "python_version": "source",
            "requires_python": null,
            "size": 87504,
            "upload_time": "2024-02-03T15:43:44",
            "upload_time_iso_8601": "2024-02-03T15:43:44.828670Z",
            "url": "https://files.pythonhosted.org/packages/96/ed/a1f8e084628eabe3694d044bfaa3b606c669f44f89da727ff59c4dd11ab9/upgrade-requestt-0.0.1.tar.gz",
            "yanked": false,
            "yanked_reason": null
        }
    ],
    "vulnerabilities": []
}