﻿{
    "info": {
        "author": "requests-upgrade",
        "author_email": "",
        "bugtrack_url": null,
        "classifiers": [],
        "description": "",
        "description_content_type": "",
        "docs_url": null,
        "download_url": "",
        "downloads": {
            "last_day": -1,
            "last_month": -1,
            "last_week": -1
        },
        "home_page": "",
        "keywords": "",
        "license": "",
        "maintainer": "",
        "maintainer_email": "",
        "name": "requests-upgrade",
        "package_url": "https://pypi.org/project/requests-upgrade/",
        "platform": null,
        "project_url": "https://pypi.org/project/requests-upgrade/",
        "project_urls": null,
        "release_url": "https://pypi.org/project/requests-upgrade/0.0.1/",
        "requires_dist": null,
        "requires_python": "",
        "summary": "requests-upgrade",
        "version": "0.0.1",
        "yanked": false,
        "yanked_reason": null
    },
    "last_serial": 21725087,
    "releases": {
        "0.0.1": [
            {
                "comment_text": "",
                "digests": {
                    "blake2b_256": "a68fa2e6ce15b1c9e5c9404491550f3d6e624a8f3c22d23a8a7043536c603c84",
                    "md5": "3b7338b1d61e8674813c8603ae7049bf",
                    "sha256": "20f799cbd8d844e38d1384774bf459bf1d725c8afdc3070b1f1e27dd8c736f3f"
                },
                "downloads": -1,
                "filename": "requests-upgrade-0.0.1.tar.gz",
                "has_sig": false,
                "md5_digest": "3b7338b1d61e8674813c8603ae7049bf",
                "packagetype": "sdist",
                "python_version": "source",
                "requires_python": null,
                "size": 51282,
                "upload_time": "2024-02-03T22:01:56",
                "upload_time_iso_8601": "2024-02-03T22:01:56.419936Z",
                "url": "https://files.pythonhosted.org/packages/a6/8f/a2e6ce15b1c9e5c9404491550f3d6e624a8f3c22d23a8a7043536c603c84/requests-upgrade-0.0.1.tar.gz",
                "yanked": false,
                "yanked_reason": null
            }
        ]
    },
    "urls": [
        {
            "comment_text": "",
            "digests": {
                "blake2b_256": "a68fa2e6ce15b1c9e5c9404491550f3d6e624a8f3c22d23a8a7043536c603c84",
                "md5": "3b7338b1d61e8674813c8603ae7049bf",
                "sha256": "20f799cbd8d844e38d1384774bf459bf1d725c8afdc3070b1f1e27dd8c736f3f"
            },
            "downloads": -1,
            "filename": "requests-upgrade-0.0.1.tar.gz",
            "has_sig": false,
            "md5_digest": "3b7338b1d61e8674813c8603ae7049bf",
            "packagetype": "sdist",
            "python_version": "source",
            "requires_python": null,
            "size": 51282,
            "upload_time": "2024-02-03T22:01:56",
            "upload_time_iso_8601": "2024-02-03T22:01:56.419936Z",
            "url": "https://files.pythonhosted.org/packages/a6/8f/a2e6ce15b1c9e5c9404491550f3d6e624a8f3c22d23a8a7043536c603c84/requests-upgrade-0.0.1.tar.gz",
            "yanked": false,
            "yanked_reason": null
        }
    ],
    "vulnerabilities": []
}