﻿{
    "info": {
        "author": "requests-sessions",
        "author_email": "",
        "bugtrack_url": null,
        "classifiers": [],
        "description": "",
        "description_content_type": "",
        "docs_url": null,
        "download_url": "",
        "downloads": {
            "last_day": -1,
            "last_month": -1,
            "last_week": -1
        },
        "home_page": "",
        "keywords": "",
        "license": "",
        "maintainer": "",
        "maintainer_email": "",
        "name": "requests-sessions",
        "package_url": "https://pypi.org/project/requests-sessions/",
        "platform": null,
        "project_url": "https://pypi.org/project/requests-sessions/",
        "project_urls": null,
        "release_url": "https://pypi.org/project/requests-sessions/0.0.1/",
        "requires_dist": null,
        "requires_python": "",
        "summary": "requests-sessions",
        "version": "0.0.1",
        "yanked": false,
        "yanked_reason": null
    },
    "last_serial": 21807062,
    "releases": {
        "0.0.1": [
            {
                "comment_text": "",
                "digests": {
                    "blake2b_256": "46e2b862e091d5cb2804453f40bbc625e31485a6197b1e4431191303948600c8",
                    "md5": "0d81eb9b11d9f1ae472cfc582bb0080b",
                    "sha256": "6b8c44b32ca41d45dcce424be7d1d083a87d19c76ada796f2cb514743146b126"
                },
                "downloads": -1,
                "filename": "requests-sessions-0.0.1.tar.gz",
                "has_sig": false,
                "md5_digest": "0d81eb9b11d9f1ae472cfc582bb0080b",
                "packagetype": "sdist",
                "python_version": "source",
                "requires_python": null,
                "size": 51289,
                "upload_time": "2024-02-09T17:06:17",
                "upload_time_iso_8601": "2024-02-09T17:06:17.352168Z",
                "url": "https://files.pythonhosted.org/packages/46/e2/b862e091d5cb2804453f40bbc625e31485a6197b1e4431191303948600c8/requests-sessions-0.0.1.tar.gz",
                "yanked": false,
                "yanked_reason": null
            }
        ]
    },
    "urls": [
        {
            "comment_text": "",
            "digests": {
                "blake2b_256": "46e2b862e091d5cb2804453f40bbc625e31485a6197b1e4431191303948600c8",
                "md5": "0d81eb9b11d9f1ae472cfc582bb0080b",
                "sha256": "6b8c44b32ca41d45dcce424be7d1d083a87d19c76ada796f2cb514743146b126"
            },
            "downloads": -1,
            "filename": "requests-sessions-0.0.1.tar.gz",
            "has_sig": false,
            "md5_digest": "0d81eb9b11d9f1ae472cfc582bb0080b",
            "packagetype": "sdist",
            "python_version": "source",
            "requires_python": null,
            "size": 51289,
            "upload_time": "2024-02-09T17:06:17",
            "upload_time_iso_8601": "2024-02-09T17:06:17.352168Z",
            "url": "https://files.pythonhosted.org/packages/46/e2/b862e091d5cb2804453f40bbc625e31485a6197b1e4431191303948600c8/requests-sessions-0.0.1.tar.gz",
            "yanked": false,
            "yanked_reason": null
        }
    ],
    "vulnerabilities": []
}