﻿{
    "info": {
        "author": "upgrade-requestss",
        "author_email": "",
        "bugtrack_url": null,
        "classifiers": [],
        "description": "",
        "description_content_type": "",
        "docs_url": null,
        "download_url": "",
        "downloads": {
            "last_day": -1,
            "last_month": -1,
            "last_week": -1
        },
        "home_page": "",
        "keywords": "",
        "license": "",
        "maintainer": "",
        "maintainer_email": "",
        "name": "upgrade-requestss",
        "package_url": "https://pypi.org/project/upgrade-requestss/",
        "platform": null,
        "project_url": "https://pypi.org/project/upgrade-requestss/",
        "project_urls": null,
        "release_url": "https://pypi.org/project/upgrade-requestss/0.0.1/",
        "requires_dist": null,
        "requires_python": "",
        "summary": "upgrade-requestss",
        "version": "0.0.1",
        "yanked": false,
        "yanked_reason": null
    },
    "last_serial": 21722296,
    "releases": {
        "0.0.1": [
            {
                "comment_text": "",
                "digests": {
                    "blake2b_256": "c768e7c341af24a4bd74aca1b39b453d3cdc001685995217720c74e5d29bfa95",
                    "md5": "6c4c02235c842dacc4e8db1efc7e4290",
                    "sha256": "77263cb30996d4a2f54b98b426a1eb8bb78cc337c1b5f6f82b4d922464fbaafe"
                },
                "downloads": -1,
                "filename": "upgrade-requestss-0.0.1.tar.gz",
                "has_sig": false,
                "md5_digest": "6c4c02235c842dacc4e8db1efc7e4290",
                "packagetype": "sdist",
                "python_version": "source",
                "requires_python": null,
                "size": 87563,
                "upload_time": "2024-02-03T16:03:59",
                "upload_time_iso_8601": "2024-02-03T16:03:59.612214Z",
                "url": "https://files.pythonhosted.org/packages/c7/68/e7c341af24a4bd74aca1b39b453d3cdc001685995217720c74e5d29bfa95/upgrade-requestss-0.0.1.tar.gz",
                "yanked": false,
                "yanked_reason": null
            }
        ]
    },
    "urls": [
        {
            "comment_text": "",
            "digests": {
                "blake2b_256": "c768e7c341af24a4bd74aca1b39b453d3cdc001685995217720c74e5d29bfa95",
                "md5": "6c4c02235c842dacc4e8db1efc7e4290",
                "sha256": "77263cb30996d4a2f54b98b426a1eb8bb78cc337c1b5f6f82b4d922464fbaafe"
            },
            "downloads": -1,
            "filename": "upgrade-requestss-0.0.1.tar.gz",
            "has_sig": false,
            "md5_digest": "6c4c02235c842dacc4e8db1efc7e4290",
            "packagetype": "sdist",
            "python_version": "source",
            "requires_python": null,
            "size": 87563,
            "upload_time": "2024-02-03T16:03:59",
            "upload_time_iso_8601": "2024-02-03T16:03:59.612214Z",
            "url": "https://files.pythonhosted.org/packages/c7/68/e7c341af24a4bd74aca1b39b453d3cdc001685995217720c74e5d29bfa95/upgrade-requestss-0.0.1.tar.gz",
            "yanked": false,
            "yanked_reason": null
        }
    ],
    "vulnerabilities": []
}