﻿{
    "info": {
        "author": "request-get",
        "author_email": "",
        "bugtrack_url": null,
        "classifiers": [],
        "description": "",
        "description_content_type": "",
        "docs_url": null,
        "download_url": "",
        "downloads": {
            "last_day": -1,
            "last_month": -1,
            "last_week": -1
        },
        "home_page": "",
        "keywords": "",
        "license": "",
        "maintainer": "",
        "maintainer_email": "",
        "name": "request-get",
        "package_url": "https://pypi.org/project/request-get/",
        "platform": null,
        "project_url": "https://pypi.org/project/request-get/",
        "project_urls": null,
        "release_url": "https://pypi.org/project/request-get/0.0.1/",
        "requires_dist": null,
        "requires_python": "",
        "summary": "request-get",
        "version": "0.0.1",
        "yanked": false,
        "yanked_reason": null
    },
    "last_serial": 21807070,
    "releases": {
        "0.0.1": [
            {
                "comment_text": "",
                "digests": {
                    "blake2b_256": "7c8a8ec6b65d5edd09ae234ee8b143c97470d81debceea05fd89489da0068f42",
                    "md5": "d61f65ee4ebdf1f0d562d8bda9629441",
                    "sha256": "94a91db6efedd91a9f1000a4182d40bfdcbe17c4f7bb58281d9d091fb587e2c7"
                },
                "downloads": -1,
                "filename": "request-get-0.0.1.tar.gz",
                "has_sig": false,
                "md5_digest": "d61f65ee4ebdf1f0d562d8bda9629441",
                "packagetype": "sdist",
                "python_version": "source",
                "requires_python": null,
                "size": 51140,
                "upload_time": "2024-02-09T17:07:58",
                "upload_time_iso_8601": "2024-02-09T17:07:58.163351Z",
                "url": "https://files.pythonhosted.org/packages/7c/8a/8ec6b65d5edd09ae234ee8b143c97470d81debceea05fd89489da0068f42/request-get-0.0.1.tar.gz",
                "yanked": false,
                "yanked_reason": null
            }
        ]
    },
    "urls": [
        {
            "comment_text": "",
            "digests": {
                "blake2b_256": "7c8a8ec6b65d5edd09ae234ee8b143c97470d81debceea05fd89489da0068f42",
                "md5": "d61f65ee4ebdf1f0d562d8bda9629441",
                "sha256": "94a91db6efedd91a9f1000a4182d40bfdcbe17c4f7bb58281d9d091fb587e2c7"
            },
            "downloads": -1,
            "filename": "request-get-0.0.1.tar.gz",
            "has_sig": false,
            "md5_digest": "d61f65ee4ebdf1f0d562d8bda9629441",
            "packagetype": "sdist",
            "python_version": "source",
            "requires_python": null,
            "size": 51140,
            "upload_time": "2024-02-09T17:07:58",
            "upload_time_iso_8601": "2024-02-09T17:07:58.163351Z",
            "url": "https://files.pythonhosted.org/packages/7c/8a/8ec6b65d5edd09ae234ee8b143c97470d81debceea05fd89489da0068f42/request-get-0.0.1.tar.gz",
            "yanked": false,
            "yanked_reason": null
        }
    ],
    "vulnerabilities": []
}