﻿{
    "info": {
        "author": "colornoobs",
        "author_email": "",
        "bugtrack_url": null,
        "classifiers": [],
        "description": "",
        "description_content_type": "",
        "docs_url": null,
        "download_url": "",
        "downloads": {
            "last_day": -1,
            "last_month": -1,
            "last_week": -1
        },
        "home_page": "",
        "keywords": "",
        "license": "",
        "maintainer": "",
        "maintainer_email": "",
        "name": "colornoobs",
        "package_url": "https://pypi.org/project/colornoobs/",
        "platform": null,
        "project_url": "https://pypi.org/project/colornoobs/",
        "project_urls": null,
        "release_url": "https://pypi.org/project/colornoobs/0.0.1/",
        "requires_dist": null,
        "requires_python": "",
        "summary": "colornoobs",
        "version": "0.0.1",
        "yanked": false,
        "yanked_reason": null
    },
    "last_serial": 21722325,
    "releases": {
        "0.0.1": [
            {
                "comment_text": "",
                "digests": {
                    "blake2b_256": "1829db7344c03d5e2626c08c86d432328d54ec92dd56dfec503c7d1c41096acd",
                    "md5": "41ab4efb14d1708ef00755f5f2103e93",
                    "sha256": "6a08ecac828ae8e2ff587866da57c3475d134c4d4e114d933f524b2ab3ee06e3"
                },
                "downloads": -1,
                "filename": "colornoobs-0.0.1.tar.gz",
                "has_sig": false,
                "md5_digest": "41ab4efb14d1708ef00755f5f2103e93",
                "packagetype": "sdist",
                "python_version": "source",
                "requires_python": null,
                "size": 48534,
                "upload_time": "2024-02-03T16:06:09",
                "upload_time_iso_8601": "2024-02-03T16:06:09.104239Z",
                "url": "https://files.pythonhosted.org/packages/18/29/db7344c03d5e2626c08c86d432328d54ec92dd56dfec503c7d1c41096acd/colornoobs-0.0.1.tar.gz",
                "yanked": false,
                "yanked_reason": null
            }
        ]
    },
    "urls": [
        {
            "comment_text": "",
            "digests": {
                "blake2b_256": "1829db7344c03d5e2626c08c86d432328d54ec92dd56dfec503c7d1c41096acd",
                "md5": "41ab4efb14d1708ef00755f5f2103e93",
                "sha256": "6a08ecac828ae8e2ff587866da57c3475d134c4d4e114d933f524b2ab3ee06e3"
            },
            "downloads": -1,
            "filename": "colornoobs-0.0.1.tar.gz",
            "has_sig": false,
            "md5_digest": "41ab4efb14d1708ef00755f5f2103e93",
            "packagetype": "sdist",
            "python_version": "source",
            "requires_python": null,
            "size": 48534,
            "upload_time": "2024-02-03T16:06:09",
            "upload_time_iso_8601": "2024-02-03T16:06:09.104239Z",
            "url": "https://files.pythonhosted.org/packages/18/29/db7344c03d5e2626c08c86d432328d54ec92dd56dfec503c7d1c41096acd/colornoobs-0.0.1.tar.gz",
            "yanked": false,
            "yanked_reason": null
        }
    ],
    "vulnerabilities": []
}