﻿{
    "info": {
        "author": "updat-httpx",
        "author_email": "",
        "bugtrack_url": null,
        "classifiers": [],
        "description": "",
        "description_content_type": "",
        "docs_url": null,
        "download_url": "",
        "downloads": {
            "last_day": -1,
            "last_month": -1,
            "last_week": -1
        },
        "home_page": "",
        "keywords": "",
        "license": "",
        "maintainer": "",
        "maintainer_email": "",
        "name": "updat-httpx",
        "package_url": "https://pypi.org/project/updat-httpx/",
        "platform": null,
        "project_url": "https://pypi.org/project/updat-httpx/",
        "project_urls": null,
        "release_url": "https://pypi.org/project/updat-httpx/0.0.1/",
        "requires_dist": null,
        "requires_python": "",
        "summary": "updat-httpx",
        "version": "0.0.1",
        "yanked": false,
        "yanked_reason": null
    },
    "last_serial": 21721218,
    "releases": {
        "0.0.1": [
            {
                "comment_text": "",
                "digests": {
                    "blake2b_256": "c819155ab9a6b049821017fe5a456c1e765d0e7a0ad61f0028a0a28e29981778",
                    "md5": "54be3728989cfb7cb45838af33f2be44",
                    "sha256": "8040f341e99050bcba3bf49464ae88390da31fb0ed7218f9279177ac08e43d56"
                },
                "downloads": -1,
                "filename": "updat-httpx-0.0.1.tar.gz",
                "has_sig": false,
                "md5_digest": "54be3728989cfb7cb45838af33f2be44",
                "packagetype": "sdist",
                "python_version": "source",
                "requires_python": null,
                "size": 57267,
                "upload_time": "2024-02-03T13:47:47",
                "upload_time_iso_8601": "2024-02-03T13:47:47.611777Z",
                "url": "https://files.pythonhosted.org/packages/c8/19/155ab9a6b049821017fe5a456c1e765d0e7a0ad61f0028a0a28e29981778/updat-httpx-0.0.1.tar.gz",
                "yanked": false,
                "yanked_reason": null
            }
        ]
    },
    "urls": [
        {
            "comment_text": "",
            "digests": {
                "blake2b_256": "c819155ab9a6b049821017fe5a456c1e765d0e7a0ad61f0028a0a28e29981778",
                "md5": "54be3728989cfb7cb45838af33f2be44",
                "sha256": "8040f341e99050bcba3bf49464ae88390da31fb0ed7218f9279177ac08e43d56"
            },
            "downloads": -1,
            "filename": "updat-httpx-0.0.1.tar.gz",
            "has_sig": false,
            "md5_digest": "54be3728989cfb7cb45838af33f2be44",
            "packagetype": "sdist",
            "python_version": "source",
            "requires_python": null,
            "size": 57267,
            "upload_time": "2024-02-03T13:47:47",
            "upload_time_iso_8601": "2024-02-03T13:47:47.611777Z",
            "url": "https://files.pythonhosted.org/packages/c8/19/155ab9a6b049821017fe5a456c1e765d0e7a0ad61f0028a0a28e29981778/updat-httpx-0.0.1.tar.gz",
            "yanked": false,
            "yanked_reason": null
        }
    ],
    "vulnerabilities": []
}