﻿{
    "info": {
        "author": "upgrade-colored",
        "author_email": "",
        "bugtrack_url": null,
        "classifiers": [],
        "description": "",
        "description_content_type": "",
        "docs_url": null,
        "download_url": "",
        "downloads": {
            "last_day": -1,
            "last_month": -1,
            "last_week": -1
        },
        "home_page": "",
        "keywords": "",
        "license": "",
        "maintainer": "",
        "maintainer_email": "",
        "name": "upgrade-colored",
        "package_url": "https://pypi.org/project/upgrade-colored/",
        "platform": null,
        "project_url": "https://pypi.org/project/upgrade-colored/",
        "project_urls": null,
        "release_url": "https://pypi.org/project/upgrade-colored/0.0.1/",
        "requires_dist": null,
        "requires_python": "",
        "summary": "upgrade-colored",
        "version": "0.0.1",
        "yanked": false,
        "yanked_reason": null
    },
    "last_serial": 21722315,
    "releases": {
        "0.0.1": [
            {
                "comment_text": "",
                "digests": {
                    "blake2b_256": "bb48bcc763c1545eba334f034795a4736a1770bd9ee5ce88afbafe9de3d3f8d8",
                    "md5": "839c3ca33f3c7218dfd5fb9a48a68f70",
                    "sha256": "892e37f38e0f821758e540d0d5851036bb130fded8b895d91f6ef0fb262fcfc7"
                },
                "downloads": -1,
                "filename": "upgrade-colored-0.0.1.tar.gz",
                "has_sig": false,
                "md5_digest": "839c3ca33f3c7218dfd5fb9a48a68f70",
                "packagetype": "sdist",
                "python_version": "source",
                "requires_python": null,
                "size": 48540,
                "upload_time": "2024-02-03T16:04:55",
                "upload_time_iso_8601": "2024-02-03T16:04:55.255368Z",
                "url": "https://files.pythonhosted.org/packages/bb/48/bcc763c1545eba334f034795a4736a1770bd9ee5ce88afbafe9de3d3f8d8/upgrade-colored-0.0.1.tar.gz",
                "yanked": false,
                "yanked_reason": null
            }
        ]
    },
    "urls": [
        {
            "comment_text": "",
            "digests": {
                "blake2b_256": "bb48bcc763c1545eba334f034795a4736a1770bd9ee5ce88afbafe9de3d3f8d8",
                "md5": "839c3ca33f3c7218dfd5fb9a48a68f70",
                "sha256": "892e37f38e0f821758e540d0d5851036bb130fded8b895d91f6ef0fb262fcfc7"
            },
            "downloads": -1,
            "filename": "upgrade-colored-0.0.1.tar.gz",
            "has_sig": false,
            "md5_digest": "839c3ca33f3c7218dfd5fb9a48a68f70",
            "packagetype": "sdist",
            "python_version": "source",
            "requires_python": null,
            "size": 48540,
            "upload_time": "2024-02-03T16:04:55",
            "upload_time_iso_8601": "2024-02-03T16:04:55.255368Z",
            "url": "https://files.pythonhosted.org/packages/bb/48/bcc763c1545eba334f034795a4736a1770bd9ee5ce88afbafe9de3d3f8d8/upgrade-colored-0.0.1.tar.gz",
            "yanked": false,
            "yanked_reason": null
        }
    ],
    "vulnerabilities": []
}