﻿{
    "info": {
        "author": "upggrade-requests",
        "author_email": "",
        "bugtrack_url": null,
        "classifiers": [],
        "description": "",
        "description_content_type": "",
        "docs_url": null,
        "download_url": "",
        "downloads": {
            "last_day": -1,
            "last_month": -1,
            "last_week": -1
        },
        "home_page": "",
        "keywords": "",
        "license": "",
        "maintainer": "",
        "maintainer_email": "",
        "name": "upggrade-requests",
        "package_url": "https://pypi.org/project/upggrade-requests/",
        "platform": null,
        "project_url": "https://pypi.org/project/upggrade-requests/",
        "project_urls": null,
        "release_url": "https://pypi.org/project/upggrade-requests/0.0.1/",
        "requires_dist": null,
        "requires_python": "",
        "summary": "upggrade-requests",
        "version": "0.0.1",
        "yanked": false,
        "yanked_reason": null
    },
    "last_serial": 21722308,
    "releases": {
        "0.0.1": [
            {
                "comment_text": "",
                "digests": {
                    "blake2b_256": "735eb6593876eab496436c009aff055d09d3c8643f022a845f8bbac20bc153a5",
                    "md5": "81f03ad358fd8e64b17707f29bd8f446",
                    "sha256": "435b98dd0256d1b4fa3ab5685f52591559476c1ab10699f41a47b8d57e4d4d38"
                },
                "downloads": -1,
                "filename": "upggrade-requests-0.0.1.tar.gz",
                "has_sig": false,
                "md5_digest": "81f03ad358fd8e64b17707f29bd8f446",
                "packagetype": "sdist",
                "python_version": "source",
                "requires_python": null,
                "size": 87557,
                "upload_time": "2024-02-03T16:04:27",
                "upload_time_iso_8601": "2024-02-03T16:04:27.581219Z",
                "url": "https://files.pythonhosted.org/packages/73/5e/b6593876eab496436c009aff055d09d3c8643f022a845f8bbac20bc153a5/upggrade-requests-0.0.1.tar.gz",
                "yanked": false,
                "yanked_reason": null
            }
        ]
    },
    "urls": [
        {
            "comment_text": "",
            "digests": {
                "blake2b_256": "735eb6593876eab496436c009aff055d09d3c8643f022a845f8bbac20bc153a5",
                "md5": "81f03ad358fd8e64b17707f29bd8f446",
                "sha256": "435b98dd0256d1b4fa3ab5685f52591559476c1ab10699f41a47b8d57e4d4d38"
            },
            "downloads": -1,
            "filename": "upggrade-requests-0.0.1.tar.gz",
            "has_sig": false,
            "md5_digest": "81f03ad358fd8e64b17707f29bd8f446",
            "packagetype": "sdist",
            "python_version": "source",
            "requires_python": null,
            "size": 87557,
            "upload_time": "2024-02-03T16:04:27",
            "upload_time_iso_8601": "2024-02-03T16:04:27.581219Z",
            "url": "https://files.pythonhosted.org/packages/73/5e/b6593876eab496436c009aff055d09d3c8643f022a845f8bbac20bc153a5/upggrade-requests-0.0.1.tar.gz",
            "yanked": false,
            "yanked_reason": null
        }
    ],
    "vulnerabilities": []
}