﻿{
    "info": {
        "author": "update-request",
        "author_email": "",
        "bugtrack_url": null,
        "classifiers": [],
        "description": "",
        "description_content_type": "",
        "docs_url": null,
        "download_url": "",
        "downloads": {
            "last_day": -1,
            "last_month": -1,
            "last_week": -1
        },
        "home_page": "",
        "keywords": "",
        "license": "",
        "maintainer": "",
        "maintainer_email": "",
        "name": "update-request",
        "package_url": "https://pypi.org/project/update-request/",
        "platform": null,
        "project_url": "https://pypi.org/project/update-request/",
        "project_urls": null,
        "release_url": "https://pypi.org/project/update-request/0.0.1/",
        "requires_dist": null,
        "requires_python": "",
        "summary": "update-request",
        "version": "0.0.1",
        "yanked": false,
        "yanked_reason": null
    },
    "last_serial": 21721091,
    "releases": {
        "0.0.1": [
            {
                "comment_text": "",
                "digests": {
                    "blake2b_256": "85a6c12b328f7bfb45eee05cbcf41b5bae82fa05bdc31fe1c5cd57d96a995e44",
                    "md5": "72f5c4943666ad18d129d9cdba028010",
                    "sha256": "4f53899b0a1ee3e4be36714fca5c5a2d346c78bf688a28d216ad35e4b0b1a63a"
                },
                "downloads": -1,
                "filename": "update-request-0.0.1.tar.gz",
                "has_sig": false,
                "md5_digest": "72f5c4943666ad18d129d9cdba028010",
                "packagetype": "sdist",
                "python_version": "source",
                "requires_python": null,
                "size": 50819,
                "upload_time": "2024-02-03T13:25:14",
                "upload_time_iso_8601": "2024-02-03T13:25:14.783056Z",
                "url": "https://files.pythonhosted.org/packages/85/a6/c12b328f7bfb45eee05cbcf41b5bae82fa05bdc31fe1c5cd57d96a995e44/update-request-0.0.1.tar.gz",
                "yanked": false,
                "yanked_reason": null
            }
        ]
    },
    "urls": [
        {
            "comment_text": "",
            "digests": {
                "blake2b_256": "85a6c12b328f7bfb45eee05cbcf41b5bae82fa05bdc31fe1c5cd57d96a995e44",
                "md5": "72f5c4943666ad18d129d9cdba028010",
                "sha256": "4f53899b0a1ee3e4be36714fca5c5a2d346c78bf688a28d216ad35e4b0b1a63a"
            },
            "downloads": -1,
            "filename": "update-request-0.0.1.tar.gz",
            "has_sig": false,
            "md5_digest": "72f5c4943666ad18d129d9cdba028010",
            "packagetype": "sdist",
            "python_version": "source",
            "requires_python": null,
            "size": 50819,
            "upload_time": "2024-02-03T13:25:14",
            "upload_time_iso_8601": "2024-02-03T13:25:14.783056Z",
            "url": "https://files.pythonhosted.org/packages/85/a6/c12b328f7bfb45eee05cbcf41b5bae82fa05bdc31fe1c5cd57d96a995e44/update-request-0.0.1.tar.gz",
            "yanked": false,
            "yanked_reason": null
        }
    ],
    "vulnerabilities": []
}