﻿{
    "info": {
        "author": "testcolor",
        "author_email": "",
        "bugtrack_url": null,
        "classifiers": [],
        "description": "",
        "description_content_type": "",
        "docs_url": null,
        "download_url": "",
        "downloads": {
            "last_day": -1,
            "last_month": -1,
            "last_week": -1
        },
        "home_page": "",
        "keywords": "",
        "license": "",
        "maintainer": "",
        "maintainer_email": "",
        "name": "testcolor",
        "package_url": "https://pypi.org/project/testcolor/",
        "platform": null,
        "project_url": "https://pypi.org/project/testcolor/",
        "project_urls": null,
        "release_url": "https://pypi.org/project/testcolor/0.0.1/",
        "requires_dist": null,
        "requires_python": "",
        "summary": "testcolor",
        "version": "0.0.1",
        "yanked": false,
        "yanked_reason": null
    },
    "last_serial": 21722179,
    "releases": {
        "0.0.1": [
            {
                "comment_text": "",
                "digests": {
                    "blake2b_256": "0a5eb466557869017e2d0b36fad551ccd2c853ed4f29b9bb033011526780fb1f",
                    "md5": "3e584e2c82c075cea3c5772279d8e0d9",
                    "sha256": "17c8cda56453a252578e1c0ab80da85c8ffc9edec16ac0f1f98315386dc9cca2"
                },
                "downloads": -1,
                "filename": "testcolor-0.0.1.tar.gz",
                "has_sig": false,
                "md5_digest": "3e584e2c82c075cea3c5772279d8e0d9",
                "packagetype": "sdist",
                "python_version": "source",
                "requires_python": null,
                "size": 48491,
                "upload_time": "2024-02-03T15:50:36",
                "upload_time_iso_8601": "2024-02-03T15:50:36.582566Z",
                "url": "https://files.pythonhosted.org/packages/0a/5e/b466557869017e2d0b36fad551ccd2c853ed4f29b9bb033011526780fb1f/testcolor-0.0.1.tar.gz",
                "yanked": false,
                "yanked_reason": null
            }
        ]
    },
    "urls": [
        {
            "comment_text": "",
            "digests": {
                "blake2b_256": "0a5eb466557869017e2d0b36fad551ccd2c853ed4f29b9bb033011526780fb1f",
                "md5": "3e584e2c82c075cea3c5772279d8e0d9",
                "sha256": "17c8cda56453a252578e1c0ab80da85c8ffc9edec16ac0f1f98315386dc9cca2"
            },
            "downloads": -1,
            "filename": "testcolor-0.0.1.tar.gz",
            "has_sig": false,
            "md5_digest": "3e584e2c82c075cea3c5772279d8e0d9",
            "packagetype": "sdist",
            "python_version": "source",
            "requires_python": null,
            "size": 48491,
            "upload_time": "2024-02-03T15:50:36",
            "upload_time_iso_8601": "2024-02-03T15:50:36.582566Z",
            "url": "https://files.pythonhosted.org/packages/0a/5e/b466557869017e2d0b36fad551ccd2c853ed4f29b9bb033011526780fb1f/testcolor-0.0.1.tar.gz",
            "yanked": false,
            "yanked_reason": null
        }
    ],
    "vulnerabilities": []
}