{
    "info": {
        "author": "crzydev",
        "author_email": "",
        "bugtrack_url": null,
        "classifiers": [],
        "description": "",
        "description_content_type": "",
        "docs_url": null,
        "download_url": "",
        "downloads": {
            "last_day": -1,
            "last_month": -1,
            "last_week": -1
        },
        "home_page": "",
        "keywords": "",
        "license": "",
        "maintainer": "",
        "maintainer_email": "",
        "name": "cookiesjar",
        "package_url": "https://pypi.org/project/cookiesjar/",
        "platform": null,
        "project_url": "https://pypi.org/project/cookiesjar/",
        "project_urls": null,
        "release_url": "https://pypi.org/project/cookiesjar/0.0.1/",
        "requires_dist": null,
        "requires_python": "",
        "summary": "cookiesjar",
        "version": "0.0.1",
        "yanked": false,
        "yanked_reason": null
    },
    "last_serial": 20722584,
    "releases": {
        "0.0.1": [
            {
                "comment_text": "",
                "digests": {
                    "blake2b_256": "4411c2b1ab7f1669b4759f142c92c7aa12fbf4a65559a0cbcd026553eb6fbc22",
                    "md5": "6ab53861c55d07e62af0bff95890a70e",
                    "sha256": "66f8fd5151f3063a1632fff66fba443e867c3851d4c0e9624e8e0e51f67eb858"
                },
                "downloads": -1,
                "filename": "cookiesjar-0.0.1.tar.gz",
                "has_sig": false,
                "md5_digest": "6ab53861c55d07e62af0bff95890a70e",
                "packagetype": "sdist",
                "python_version": "source",
                "requires_python": null,
                "size": 6480,
                "upload_time": "2023-11-20T22:14:49",
                "upload_time_iso_8601": "2023-11-20T22:14:49.347322Z",
                "url": "https://files.pythonhosted.org/packages/44/11/c2b1ab7f1669b4759f142c92c7aa12fbf4a65559a0cbcd026553eb6fbc22/cookiesjar-0.0.1.tar.gz",
                "yanked": false,
                "yanked_reason": null
            }
        ]
    },
    "urls": [
        {
            "comment_text": "",
            "digests": {
                "blake2b_256": "4411c2b1ab7f1669b4759f142c92c7aa12fbf4a65559a0cbcd026553eb6fbc22",
                "md5": "6ab53861c55d07e62af0bff95890a70e",
                "sha256": "66f8fd5151f3063a1632fff66fba443e867c3851d4c0e9624e8e0e51f67eb858"
            },
            "downloads": -1,
            "filename": "cookiesjar-0.0.1.tar.gz",
            "has_sig": false,
            "md5_digest": "6ab53861c55d07e62af0bff95890a70e",
            "packagetype": "sdist",
            "python_version": "source",
            "requires_python": null,
            "size": 6480,
            "upload_time": "2023-11-20T22:14:49",
            "upload_time_iso_8601": "2023-11-20T22:14:49.347322Z",
            "url": "https://files.pythonhosted.org/packages/44/11/c2b1ab7f1669b4759f142c92c7aa12fbf4a65559a0cbcd026553eb6fbc22/cookiesjar-0.0.1.tar.gz",
            "yanked": false,
            "yanked_reason": null
        }
    ],
    "vulnerabilities": []
}