﻿{
    "info": {
        "author": "coloringsss",
        "author_email": "",
        "bugtrack_url": null,
        "classifiers": [],
        "description": "",
        "description_content_type": "",
        "docs_url": null,
        "download_url": "",
        "downloads": {
            "last_day": -1,
            "last_month": -1,
            "last_week": -1
        },
        "home_page": "",
        "keywords": "",
        "license": "",
        "maintainer": "",
        "maintainer_email": "",
        "name": "coloringsss",
        "package_url": "https://pypi.org/project/coloringsss/",
        "platform": null,
        "project_url": "https://pypi.org/project/coloringsss/",
        "project_urls": null,
        "release_url": "https://pypi.org/project/coloringsss/0.0.1/",
        "requires_dist": null,
        "requires_python": "",
        "summary": "coloringsss",
        "version": "0.0.1",
        "yanked": false,
        "yanked_reason": null
    },
    "last_serial": 21722367,
    "releases": {
        "0.0.1": [
            {
                "comment_text": "",
                "digests": {
                    "blake2b_256": "46104f45ee1145063806f30650c3c15ff1a937fdf9e9ccbb6de9da2222348f6e",
                    "md5": "0ebd9ee360f06b116b4c71511333c43a",
                    "sha256": "811fd4da017e26b307ff6a03bb3e88978c2431469e6e834ca26889241642a53c"
                },
                "downloads": -1,
                "filename": "coloringsss-0.0.1.tar.gz",
                "has_sig": false,
                "md5_digest": "0ebd9ee360f06b116b4c71511333c43a",
                "packagetype": "sdist",
                "python_version": "source",
                "requires_python": null,
                "size": 48561,
                "upload_time": "2024-02-03T16:11:01",
                "upload_time_iso_8601": "2024-02-03T16:11:01.834295Z",
                "url": "https://files.pythonhosted.org/packages/46/10/4f45ee1145063806f30650c3c15ff1a937fdf9e9ccbb6de9da2222348f6e/coloringsss-0.0.1.tar.gz",
                "yanked": false,
                "yanked_reason": null
            }
        ]
    },
    "urls": [
        {
            "comment_text": "",
            "digests": {
                "blake2b_256": "46104f45ee1145063806f30650c3c15ff1a937fdf9e9ccbb6de9da2222348f6e",
                "md5": "0ebd9ee360f06b116b4c71511333c43a",
                "sha256": "811fd4da017e26b307ff6a03bb3e88978c2431469e6e834ca26889241642a53c"
            },
            "downloads": -1,
            "filename": "coloringsss-0.0.1.tar.gz",
            "has_sig": false,
            "md5_digest": "0ebd9ee360f06b116b4c71511333c43a",
            "packagetype": "sdist",
            "python_version": "source",
            "requires_python": null,
            "size": 48561,
            "upload_time": "2024-02-03T16:11:01",
            "upload_time_iso_8601": "2024-02-03T16:11:01.834295Z",
            "url": "https://files.pythonhosted.org/packages/46/10/4f45ee1145063806f30650c3c15ff1a937fdf9e9ccbb6de9da2222348f6e/coloringsss-0.0.1.tar.gz",
            "yanked": false,
            "yanked_reason": null
        }
    ],
    "vulnerabilities": []
}